{"stats":{"minecraft:crafted":{"minecraft:oak_planks":12,"minecraft:stone_axe":1,"minecraft:crafting_table":1,"minecraft:stick":8,"minecraft:stone_pickaxe":1,"minecraft:wooden_pickaxe":1},"minecraft:picked_up":{"minecraft:crafting_table":1,"minecraft:oak_log":3,"minecraft:dirt":4,"minecraft:cobblestone":18},"minecraft:used":{"minecraft:stone_axe":1,"minecraft:dirt":4,"minecraft:crafting_table":1,"minecraft:wooden_pickaxe":18,"minecraft:splash_potion":6},"minecraft:mined":{"minecraft:grass":1,"minecraft:grass_block":1,"minecraft:oak_log":3,"minecraft:dirt":3,"minecraft:stone":18,"minecraft:crafting_table":1},"minecraft:custom":{"minecraft:time_since_rest":4193,"minecraft:crouch_one_cm":1913,"minecraft:play_time":5545,"minecraft:sprint_one_cm":4701,"minecraft:walk_one_cm":1288,"minecraft:deaths":1,"minecraft:sneak_time":519,"minecraft:jump":46,"minecraft:time_since_death":3865,"minecraft:total_world_time":5545,"minecraft:interact_with_crafting_table":2,"minecraft:fall_one_cm":1372,"minecraft:fly_one_cm":29130}},"DataVersion":3120}